7	107302103	0.000127	NM_000441.1:missense                     	1759174
7	107302214	0.000364	NM_000441.1:missense                     	1759178
7	107303787	0.000116	NM_000441.1:missense                     	1759180
7	107312618	0.000116	NM_000441.1:missense                     	1759188
7	107314593	0.000116	NM_000441.1:intron                       	1759194
7	107314596	0.000116	NM_000441.1:intron                       	1759196
7	107314665	0.000116	NM_000441.1:missense                     	1759198
7	107314725	0.000116	NM_000441.1:missense                     	1759202
7	107314758	0.000116	NM_000441.1:missense                     	1759204
7	107314815	0.000121	NM_000441.1:intron                       	1759208
7	107315373	0.003023	NM_000441.1:intron                       	1759210
7	107315415	0.000698	NM_000441.1:missense                     	1759212
7	107315496	0.001047	NM_000441.1:missense                     	1759214
7	107323599	0.000582	NM_000441.1:intron                       	1759220
7	107323677	0.000116	NM_000441.1:missense                     	1759224
7	107323726	0.000116	NM_000441.1:missense                     	1759226
7	107323753	0.000116	NM_000441.1:missense                     	1759228
7	107323879	0.000116	NM_000441.1:intron                       	1759232
7	107323982	0.000116	NM_000441.1:missense-near-splice         	1759236
7	107324011	0.000116	NM_000441.1:intron                       	1759238
7	107329499	0.00186 	NM_000441.1:missense-near-splice         	1759242
7	107329537	0.000116	NM_000441.1:coding-synonymous            	1759246
7	107330648	0.000349	NM_000441.1:missense                     	1759254
7	107330653	0.000116	NM_000441.1:missense                     	1759256
7	107330665	0.000116	NM_000441.1:missense                     	1759258
7	107334918	0.000233	NM_000441.1:missense                     	1759268
7	107334972	0.000116	NM_000441.1:intron                       	1759272
7	107302101	0.000128	NM_000441.1:coding-synonymous            	1759275
7	107336365	0.000969	NM_000441.1:intron                       	1759278
7	107336428	0.000233	NM_000441.1:coding-synonymous            	1759280
7	107303757	0.000116	NM_000441.1:missense                     	1759281
7	107336481	0.000116	NM_000441.1:missense                     	1759282
7	107303801	0.000349	NM_000441.1:coding-synonymous            	1759283
7	107336493	0.000698	NM_000441.1:intron                       	1759284
7	107312540	0.000465	NM_000441.1:intron                       	1759287
7	107312600	0.000116	NM_000441.1:coding-synonymous            	1759289
7	107338482	0.000116	NM_000441.1:intron                       	1759290
7	107312627	0.000233	NM_000441.1:missense                     	1759291
7	107338557	0.000116	NM_000441.1:splice-5                     	1759292
7	107314579	0.000116	NM_000441.1:intron                       	1759295
7	107314596	0.000363	NM_000441.1:intron                       	1759297
7	107314679	0.000116	NM_000441.1:coding-synonymous            	1759301
7	107341581	0.000116	NM_000441.1:coding-synonymous            	1759302
7	107314716	0.000116	NM_000441.1:missense                     	1759303
7	107341669	0.000116	NM_000441.1:intron                       	1759304
7	107342235	0.000116	NM_000441.1:intron                       	1759306
7	107314765	0.000116	NM_000441.1:missense                     	1759307
7	107342294	0.000814	NM_000441.1:missense                     	1759308
7	107314817	0.000349	NM_000441.1:intron                       	1759311
7	107342377	0.000233	NM_000441.1:missense                     	1759312
7	107342433	0.000116	NM_000441.1:coding-synonymous            	1759314
7	107342483	0.000349	NM_000441.1:missense                     	1759316
7	107344811	0.000117	NM_000441.1:coding-synonymous            	1759320
7	107315599	0.000116	NM_000441.1:intron                       	1759321
7	107350519	0.000116	NM_000441.1:missense                     	1759324
7	107350528	0.000116	NM_000441.1:missense                     	1759326
7	107323719	0.000116	NM_000441.1:missense                     	1759327
7	107323730	0.000233	NM_000441.1:missense                     	1759329
7	107350572	0.000116	NM_000441.1:coding-synonymous            	1759332
7	107323873	0.000116	NM_000441.1:intron                       	1759333
7	107350621	0.000116	NM_000441.1:missense                     	1759334
7	107350628	0.000233	NM_000441.1:missense                     	1759336
7	107323951	0.000465	NM_000441.1:missense                     	1759337
7	107352969	0.000233	NM_000441.1:intron                       	1759338
7	107323983	0.000581	NM_000441.1:splice-5                     	1759339
7	107353020	0.000121	NM_000441.1:coding                       	1759340
7	107353040	0.000116	NM_000441.1:coding-synonymous            	1759342
7	107329489	0.000465	NM_000441.1:intron                       	1759343
7	107355846	0.007326	NM_000441.1:intron                       	1759346
7	107329536	0.000233	NM_000441.1:missense                     	1759347
7	107355874	0.002209	NM_000441.1:missense                     	1759348
7	107329557	0.000349	NM_000441.1:missense                     	1759349
7	107329639	0.000116	NM_000441.1:coding-synonymous            	1759353
7	107330570	0.000349	NM_000441.1:missense-near-splice         	1759355
7	107330649	0.000116	NM_000441.1:coding-synonymous            	1759357
7	107330681	0.000116	NM_000441.1:missense-near-splice         	1759361
7	107334815	0.000116	NM_000441.1:intron                       	1759365
7	107334864	0.000121	NM_000441.1:coding                       	1759369
7	107334926	0.000116	NM_000441.1:splice-5                     	1759371
7	107335132	0.000116	NM_000441.1:missense                     	1759375
7	107335210	0.000349	NM_000441.1:intron                       	1759377
7	107336364	0.000116	NM_000441.1:intron                       	1759379
7	107336394	0.000116	NM_000441.1:missense                     	1759381
7	107336431	0.000465	NM_000441.1:coding-synonymous            	1759383
7	107336484	0.000116	NM_000441.1:missense-near-splice         	1759385
7	107336528	0.000116	NM_000441.1:intron                       	1759389
7	107338475	0.000116	NM_000441.1:intron                       	1759391
7	107338556	0.000116	NM_000441.1:coding-synonymous-near-splice	1759393
7	107338563	0.000233	NM_000441.1:intron                       	1759395
7	107340625	0.000116	NM_000441.1:intron                       	1759401
7	107341528	0.030123	NM_000441.1:intron                       	1759403
7	107341628	0.00907 	NM_000441.1:missense                     	1759405
7	107342249	0.000116	NM_000441.1:intron                       	1759409
7	107342333	0.000116	NM_000441.1:missense                     	1759411
7	107342369	0.000116	NM_000441.1:missense                     	1759413
7	107342388	0.000116	NM_000441.1:missense                     	1759415
7	107342461	0.000116	NM_000441.1:missense                     	1759417
7	107342485	0.000116	NM_000441.1:missense                     	1759419
7	107350481	0.000116	NM_000441.1:intron                       	1759425
7	107350527	0.000116	NM_000441.1:stop-gained                  	1759427
7	107350539	0.000233	NM_000441.1:coding-synonymous            	1759429
7	107350560	0.000233	NM_000441.1:coding-synonymous            	1759433
7	107350599	0.000116	NM_000441.1:missense                     	1759435
7	107350627	0.000116	NM_000441.1:missense                     	1759437
7	107353039	0.000116	NM_000441.1:missense                     	1759443
7	107355887	0.000116	NM_000441.1:missense                     	1759451
7	107355926	0.000116	NM_000441.1:utr-3                        	1759453
7	107355942	0.000349	NM_000441.1:utr-3                        	1759455
