gene1,gene2,plod1,nlod1,phlod1,nhlod1,plod2,nlod2,phlod2,nhlod2,prop1,prop2,moi,ahet,fam_size,min_offspring,max_offspring
SLC26A4,GJB2,0.0,498,0.0,498,1.0,500,1.0,500,0.0,1.0,compound_recessive,1,20,3,8
SLC26A4,GJB2,0.198,500,0.112,500,1.0,500,1.0,500,0.1,0.9,compound_recessive,1,20,3,8
SLC26A4,GJB2,1.0,500,1.0,500,0.0,382,0.0,382,1.0,0.0,compound_recessive,1,20,3,8
SLC26A4,GJB2,0.62,500,0.548,500,1.0,500,1.0,500,0.2,0.8,compound_recessive,1,20,3,8
SLC26A4,GJB2,0.902,500,0.868,500,1.0,500,1.0,500,0.3,0.7,compound_recessive,1,20,3,8
SLC26A4,GJB2,0.976,500,0.974,500,1.0,500,1.0,500,0.4,0.6,compound_recessive,1,20,3,8
SLC26A4,GJB2,1.0,500,1.0,500,1.0,500,0.996,500,0.5,0.5,compound_recessive,1,20,3,8
SLC26A4,GJB2,0.998,500,0.998,500,0.97,500,0.96,500,0.6,0.4,compound_recessive,1,20,3,8
SLC26A4,GJB2,1.0,500,1.0,500,0.816,500,0.77,500,0.7,0.3,compound_recessive,1,20,3,8
SLC26A4,GJB2,1.0,500,1.0,500,0.537074148296,499,0.464929859719,499,0.8,0.2,compound_recessive,1,20,3,8
SLC26A4,GJB2,1.0,500,1.0,500,0.0940695296523,489,0.0633946830266,489,0.9,0.1,compound_recessive,1,20,3,8
SLC26A4,GJB2,0.0,497,0.0,497,1.0,500,1.0,500,0.0,1.0,compound_recessive,1,21,3,8
SLC26A4,GJB2,0.202,500,0.142,500,1.0,500,1.0,500,0.1,0.9,compound_recessive,1,21,3,8
SLC26A4,GJB2,1.0,500,1.0,500,0.0,386,0.0,386,1.0,0.0,compound_recessive,1,21,3,8
SLC26A4,GJB2,0.69,500,0.612,500,1.0,500,1.0,500,0.2,0.8,compound_recessive,1,21,3,8
SLC26A4,GJB2,0.904,500,0.886,500,1.0,500,1.0,500,0.3,0.7,compound_recessive,1,21,3,8
SLC26A4,GJB2,0.994,500,0.98,500,1.0,500,1.0,500,0.4,0.6,compound_recessive,1,21,3,8
SLC26A4,GJB2,1.0,500,1.0,500,1.0,500,0.998,500,0.5,0.5,compound_recessive,1,21,3,8
SLC26A4,GJB2,1.0,500,1.0,500,0.982,500,0.974,500,0.6,0.4,compound_recessive,1,21,3,8
SLC26A4,GJB2,1.0,500,1.0,500,0.862,500,0.818,500,0.7,0.3,compound_recessive,1,21,3,8
SLC26A4,GJB2,1.0,500,1.0,500,0.568,500,0.512,500,0.8,0.2,compound_recessive,1,21,3,8
SLC26A4,GJB2,1.0,500,1.0,500,0.11909650924,487,0.088295687885,487,0.9,0.1,compound_recessive,1,21,3,8
SLC26A4,GJB2,0.0,497,0.0,497,1.0,500,1.0,500,0.0,1.0,compound_recessive,1,22,3,8
SLC26A4,GJB2,0.238,500,0.168,500,1.0,500,1.0,500,0.1,0.9,compound_recessive,1,22,3,8
SLC26A4,GJB2,1.0,500,1.0,500,0.0,396,0.0,396,1.0,0.0,compound_recessive,1,22,3,8
SLC26A4,GJB2,0.724,500,0.672,500,1.0,500,1.0,500,0.2,0.8,compound_recessive,1,22,3,8
SLC26A4,GJB2,0.936,500,0.92,500,1.0,500,1.0,500,0.3,0.7,compound_recessive,1,22,3,8
SLC26A4,GJB2,0.996,500,0.996,500,1.0,500,1.0,500,0.4,0.6,compound_recessive,1,22,3,8
SLC26A4,GJB2,1.0,500,1.0,500,1.0,500,1.0,500,0.5,0.5,compound_recessive,1,22,3,8
SLC26A4,GJB2,1.0,500,1.0,500,0.982,500,0.976,500,0.6,0.4,compound_recessive,1,22,3,8
SLC26A4,GJB2,1.0,500,1.0,500,0.874,500,0.852,500,0.7,0.3,compound_recessive,1,22,3,8
SLC26A4,GJB2,1.0,500,1.0,500,0.614,500,0.544,500,0.8,0.2,compound_recessive,1,22,3,8
SLC26A4,GJB2,1.0,500,1.0,500,0.143149284254,489,0.108384458078,489,0.9,0.1,compound_recessive,1,22,3,8
SLC26A4,GJB2,0.0,498,0.0,498,1.0,500,1.0,500,0.0,1.0,compound_recessive,1,23,3,8
SLC26A4,GJB2,0.27,500,0.198,500,1.0,500,1.0,500,0.1,0.9,compound_recessive,1,23,3,8
SLC26A4,GJB2,1.0,500,1.0,500,0.0,403,0.0,403,1.0,0.0,compound_recessive,1,23,3,8
SLC26A4,GJB2,0.782,500,0.714,500,1.0,500,1.0,500,0.2,0.8,compound_recessive,1,23,3,8
SLC26A4,GJB2,0.948,500,0.928,500,1.0,500,1.0,500,0.3,0.7,compound_recessive,1,23,3,8
SLC26A4,GJB2,0.998,500,0.998,500,1.0,500,1.0,500,0.4,0.6,compound_recessive,1,23,3,8
SLC26A4,GJB2,1.0,500,1.0,500,0.998,500,0.998,500,0.5,0.5,compound_recessive,1,23,3,8
SLC26A4,GJB2,1.0,500,1.0,500,0.984,500,0.984,500,0.6,0.4,compound_recessive,1,23,3,8
SLC26A4,GJB2,1.0,500,1.0,500,0.894,500,0.866,500,0.7,0.3,compound_recessive,1,23,3,8
SLC26A4,GJB2,1.0,500,1.0,500,0.652,500,0.596,500,0.8,0.2,compound_recessive,1,23,3,8
SLC26A4,GJB2,1.0,500,1.0,500,0.154786150713,491,0.112016293279,491,0.9,0.1,compound_recessive,1,23,3,8
SLC26A4,GJB2,0.0,500,0.0,500,1.0,500,1.0,500,0.0,1.0,compound_recessive,1,24,3,8
SLC26A4,GJB2,0.314,500,0.23,500,1.0,500,1.0,500,0.1,0.9,compound_recessive,1,24,3,8
SLC26A4,GJB2,1.0,500,1.0,500,0.0,411,0.0,411,1.0,0.0,compound_recessive,1,24,3,8
SLC26A4,GJB2,0.808,500,0.73,500,1.0,500,1.0,500,0.2,0.8,compound_recessive,1,24,3,8
SLC26A4,GJB2,0.956,500,0.946,500,1.0,500,1.0,500,0.3,0.7,compound_recessive,1,24,3,8
SLC26A4,GJB2,1.0,500,1.0,500,1.0,500,1.0,500,0.4,0.6,compound_recessive,1,24,3,8
SLC26A4,GJB2,1.0,500,1.0,500,1.0,500,1.0,500,0.5,0.5,compound_recessive,1,24,3,8
SLC26A4,GJB2,1.0,500,1.0,500,0.992,500,0.986,500,0.6,0.4,compound_recessive,1,24,3,8
SLC26A4,GJB2,1.0,500,1.0,500,0.906,500,0.88,500,0.7,0.3,compound_recessive,1,24,3,8
SLC26A4,GJB2,1.0,500,1.0,500,0.684,500,0.634,500,0.8,0.2,compound_recessive,1,24,3,8
SLC26A4,GJB2,1.0,500,1.0,500,0.178498985801,493,0.133874239351,493,0.9,0.1,compound_recessive,1,24,3,8
SLC26A4,GJB2,0.0,500,0.0,500,1.0,500,1.0,500,0.0,1.0,compound_recessive,1,25,3,8
SLC26A4,GJB2,0.334,500,0.24,500,1.0,500,1.0,500,0.1,0.9,compound_recessive,1,25,3,8
SLC26A4,GJB2,1.0,500,1.0,500,0.0,412,0.0,412,1.0,0.0,compound_recessive,1,25,3,8
SLC26A4,GJB2,0.854,500,0.798,500,1.0,500,1.0,500,0.2,0.8,compound_recessive,1,25,3,8
SLC26A4,GJB2,0.968,500,0.958,500,1.0,500,1.0,500,0.3,0.7,compound_recessive,1,25,3,8
SLC26A4,GJB2,1.0,500,0.996,500,1.0,500,1.0,500,0.4,0.6,compound_recessive,1,25,3,8
SLC26A4,GJB2,1.0,500,1.0,500,1.0,500,1.0,500,0.5,0.5,compound_recessive,1,25,3,8
SLC26A4,GJB2,1.0,500,1.0,500,0.99,500,0.988,500,0.6,0.4,compound_recessive,1,25,3,8
SLC26A4,GJB2,1.0,500,1.0,500,0.946,500,0.914,500,0.7,0.3,compound_recessive,1,25,3,8
SLC26A4,GJB2,1.0,500,1.0,500,0.71,500,0.668,500,0.8,0.2,compound_recessive,1,25,3,8
SLC26A4,GJB2,1.0,500,1.0,500,0.206477732793,494,0.127530364372,494,0.9,0.1,compound_recessive,1,25,3,8
SLC26A4,GJB2,0.0,500,0.0,500,1.0,500,1.0,500,0.0,1.0,compound_recessive,1,26,3,8
SLC26A4,GJB2,0.352,500,0.266,500,1.0,500,1.0,500,0.1,0.9,compound_recessive,1,26,3,8
SLC26A4,GJB2,1.0,500,1.0,500,0.0,425,0.0,425,1.0,0.0,compound_recessive,1,26,3,8
SLC26A4,GJB2,0.852,500,0.788,500,1.0,500,1.0,500,0.2,0.8,compound_recessive,1,26,3,8
SLC26A4,GJB2,0.972,500,0.972,500,1.0,500,1.0,500,0.3,0.7,compound_recessive,1,26,3,8
SLC26A4,GJB2,1.0,500,1.0,500,1.0,500,1.0,500,0.4,0.6,compound_recessive,1,26,3,8
SLC26A4,GJB2,1.0,500,1.0,500,1.0,500,1.0,500,0.5,0.5,compound_recessive,1,26,3,8
SLC26A4,GJB2,1.0,500,1.0,500,0.998,500,0.996,500,0.6,0.4,compound_recessive,1,26,3,8
SLC26A4,GJB2,1.0,500,1.0,500,0.95,500,0.93,500,0.7,0.3,compound_recessive,1,26,3,8
SLC26A4,GJB2,1.0,500,1.0,500,0.746,500,0.704,500,0.8,0.2,compound_recessive,1,26,3,8
SLC26A4,GJB2,1.0,500,1.0,500,0.235412474849,497,0.171026156942,497,0.9,0.1,compound_recessive,1,26,3,8
SLC26A4,GJB2,0.0,500,0.0,500,1.0,500,1.0,500,0.0,1.0,compound_recessive,1,27,3,8
SLC26A4,GJB2,0.38,500,0.29,500,1.0,500,1.0,500,0.1,0.9,compound_recessive,1,27,3,8
SLC26A4,GJB2,1.0,500,1.0,500,0.0,419,0.0,419,1.0,0.0,compound_recessive,1,27,3,8
SLC26A4,GJB2,0.896,500,0.854,500,1.0,500,1.0,500,0.2,0.8,compound_recessive,1,27,3,8
SLC26A4,GJB2,0.974,500,0.972,500,1.0,500,1.0,500,0.3,0.7,compound_recessive,1,27,3,8
SLC26A4,GJB2,1.0,500,1.0,500,1.0,500,1.0,500,0.4,0.6,compound_recessive,1,27,3,8
SLC26A4,GJB2,1.0,500,1.0,500,1.0,500,1.0,500,0.5,0.5,compound_recessive,1,27,3,8
SLC26A4,GJB2,1.0,500,1.0,500,0.996,500,0.996,500,0.6,0.4,compound_recessive,1,27,3,8
SLC26A4,GJB2,1.0,500,1.0,500,0.962,500,0.95,500,0.7,0.3,compound_recessive,1,27,3,8
SLC26A4,GJB2,1.0,500,1.0,500,0.776,500,0.732,500,0.8,0.2,compound_recessive,1,27,3,8
SLC26A4,GJB2,1.0,500,1.0,500,0.247484909457,497,0.20523138833,497,0.9,0.1,compound_recessive,1,27,3,8
SLC26A4,GJB2,0.0,499,0.0,499,1.0,500,1.0,500,0.0,1.0,compound_recessive,1,28,3,8
SLC26A4,GJB2,0.418,500,0.316,500,1.0,500,1.0,500,0.1,0.9,compound_recessive,1,28,3,8
SLC26A4,GJB2,1.0,500,1.0,500,0.0,429,0.0,429,1.0,0.0,compound_recessive,1,28,3,8
SLC26A4,GJB2,0.9,500,0.864,500,1.0,500,1.0,500,0.2,0.8,compound_recessive,1,28,3,8
SLC26A4,GJB2,0.99,500,0.984,500,1.0,500,1.0,500,0.3,0.7,compound_recessive,1,28,3,8
SLC26A4,GJB2,1.0,500,1.0,500,1.0,500,1.0,500,0.4,0.6,compound_recessive,1,28,3,8
SLC26A4,GJB2,1.0,500,1.0,500,1.0,500,1.0,500,0.5,0.5,compound_recessive,1,28,3,8
SLC26A4,GJB2,1.0,500,1.0,500,0.998,500,0.996,500,0.6,0.4,compound_recessive,1,28,3,8
SLC26A4,GJB2,1.0,500,1.0,500,0.978,500,0.962,500,0.7,0.3,compound_recessive,1,28,3,8
SLC26A4,GJB2,1.0,500,1.0,500,0.798,500,0.756,500,0.8,0.2,compound_recessive,1,28,3,8
SLC26A4,GJB2,1.0,500,1.0,500,0.277665995976,497,0.199195171026,497,0.9,0.1,compound_recessive,1,28,3,8
SLC26A4,GJB2,0.0,500,0.0,500,1.0,500,1.0,500,0.0,1.0,compound_recessive,1,29,3,8
SLC26A4,GJB2,0.468,500,0.39,500,1.0,500,1.0,500,0.1,0.9,compound_recessive,1,29,3,8
SLC26A4,GJB2,1.0,500,1.0,500,0.0,441,0.0,441,1.0,0.0,compound_recessive,1,29,3,8
SLC26A4,GJB2,0.922,500,0.9,500,1.0,500,1.0,500,0.2,0.8,compound_recessive,1,29,3,8
SLC26A4,GJB2,0.984,500,0.98,500,1.0,500,1.0,500,0.3,0.7,compound_recessive,1,29,3,8
SLC26A4,GJB2,1.0,500,1.0,500,1.0,500,1.0,500,0.4,0.6,compound_recessive,1,29,3,8
SLC26A4,GJB2,1.0,500,1.0,500,1.0,500,1.0,500,0.5,0.5,compound_recessive,1,29,3,8
SLC26A4,GJB2,1.0,500,1.0,500,1.0,500,1.0,500,0.6,0.4,compound_recessive,1,29,3,8
SLC26A4,GJB2,1.0,500,1.0,500,0.974,500,0.96,500,0.7,0.3,compound_recessive,1,29,3,8
SLC26A4,GJB2,1.0,500,1.0,500,0.822,500,0.778,500,0.8,0.2,compound_recessive,1,29,3,8
SLC26A4,GJB2,1.0,500,1.0,500,0.282258064516,496,0.211693548387,496,0.9,0.1,compound_recessive,1,29,3,8
SLC26A4,GJB2,0.002,500,0.0,500,1.0,500,1.0,500,0.0,1.0,compound_recessive,1,30,3,8
SLC26A4,GJB2,0.494,500,0.398,500,1.0,500,1.0,500,0.1,0.9,compound_recessive,1,30,3,8
SLC26A4,GJB2,1.0,500,1.0,500,0.0,441,0.0,441,1.0,0.0,compound_recessive,1,30,3,8
SLC26A4,GJB2,0.92,500,0.894,500,1.0,500,1.0,500,0.2,0.8,compound_recessive,1,30,3,8
SLC26A4,GJB2,0.994,500,0.988,500,1.0,500,1.0,500,0.3,0.7,compound_recessive,1,30,3,8
SLC26A4,GJB2,1.0,500,1.0,500,1.0,500,1.0,500,0.4,0.6,compound_recessive,1,30,3,8
SLC26A4,GJB2,1.0,500,1.0,500,1.0,500,1.0,500,0.5,0.5,compound_recessive,1,30,3,8
SLC26A4,GJB2,1.0,500,1.0,500,1.0,500,1.0,500,0.6,0.4,compound_recessive,1,30,3,8
SLC26A4,GJB2,1.0,500,1.0,500,0.984,500,0.978,500,0.7,0.3,compound_recessive,1,30,3,8
SLC26A4,GJB2,1.0,500,1.0,500,0.84,500,0.806,500,0.8,0.2,compound_recessive,1,30,3,8
SLC26A4,GJB2,1.0,500,1.0,500,0.315895372233,497,0.241448692153,497,0.9,0.1,compound_recessive,1,30,3,8
