11	76841633	0.00012 	NM_001127180.1:splice-3,NM_001127179.2:splice-3,NM_000260.3:splice-3         	0
11	76853783	0.342275	NM_001127180.1:missense,NM_001127179.2:missense,NM_000260.3:missense         	0
11	76853790	0.000119	NM_001127180.1:missense,NM_001127179.2:missense,NM_000260.3:missense         	0
11	76853833	0.000118	NM_001127180.1:missense,NM_001127179.2:missense,NM_000260.3:missense         	0
11	76858860	0.000118	NM_001127180.1:missense,NM_001127179.2:missense,NM_000260.3:missense         	0
11	76858863	0.000118	NM_001127180.1:missense,NM_001127179.2:missense,NM_000260.3:missense         	0
11	76858950	0.000241	NM_001127180.1:missense,NM_001127179.2:missense,NM_000260.3:missense         	0
11	76867026	0.000236	NM_001127180.1:missense,NM_001127179.2:missense,NM_000260.3:missense         	0
11	76867047	0.000237	NM_001127180.1:missense,NM_001127179.2:missense,NM_000260.3:missense         	0
11	76867058	0.00149 	NM_001127180.1:frameshift,NM_001127179.2:frameshift,NM_000260.3:frameshift   	0
11	76867062	0.000119	NM_001127180.1:missense,NM_001127179.2:missense,NM_000260.3:missense         	0
11	76867064	0.000356	NM_001127180.1:missense,NM_001127179.2:missense,NM_000260.3:missense         	0
11	76867076	0.000119	NM_001127180.1:missense,NM_001127179.2:missense,NM_000260.3:missense         	0
11	76867116	0.000358	NM_001127180.1:missense,NM_001127179.2:missense,NM_000260.3:missense         	0
11	76867967	0.000119	NM_001127180.1:missense,NM_001127179.2:missense,NM_000260.3:missense         	1
11	76867991	0.000119	NM_001127180.1:missense,NM_001127179.2:missense,NM_000260.3:missense         	0
11	76868003	0.00012 	NM_001127180.1:missense,NM_001127179.2:missense,NM_000260.3:missense         	0
11	76868045	0.00012 	NM_001127180.1:missense,NM_001127179.2:missense,NM_000260.3:missense         	0
11	76868046	0.000961	NM_001127180.1:missense,NM_001127179.2:missense,NM_000260.3:missense         	0
11	76868392	0.001569	NM_001127180.1:missense,NM_001127179.2:missense,NM_000260.3:missense         	1
11	76869368	0.000354	NM_001127180.1:missense,NM_001127179.2:missense,NM_000260.3:missense         	0
11	76869378	0.002707	NM_001127180.1:missense,NM_001127179.2:missense,NM_000260.3:missense         	1
11	76869399	0.000118	NM_001127180.1:missense,NM_001127179.2:missense,NM_000260.3:missense         	0
11	76869443	0.000118	NM_001127180.1:missense,NM_001127179.2:missense,NM_000260.3:missense         	0
11	76870495	0.000121	NM_001127180.1:missense,NM_001127179.2:missense,NM_000260.3:missense         	0
11	76870496	0.001927	NM_001127180.1:missense,NM_001127179.2:missense,NM_000260.3:missense         	1
11	76870567	0.000119	NM_001127180.1:missense,NM_001127179.2:missense,NM_000260.3:missense         	0
11	76871246	0.000119	NM_001127180.1:missense,NM_001127179.2:missense,NM_000260.3:missense         	0
11	76871254	0.000119	NM_001127180.1:missense,NM_001127179.2:missense,NM_000260.3:missense         	0
11	76871260	0.000359	NM_001127180.1:missense,NM_001127179.2:missense,NM_000260.3:missense         	0
11	76871314	0.000119	NM_001127180.1:missense,NM_001127179.2:missense,NM_000260.3:missense         	0
11	76872050	0.000239	NM_001127180.1:missense,NM_001127179.2:missense,NM_000260.3:missense         	0
11	76872106	0.000239	NM_001127180.1:missense,NM_001127179.2:missense,NM_000260.3:missense         	0
11	76873180	0.000117	NM_001127180.1:missense,NM_001127179.2:missense,NM_000260.3:missense         	0
11	76873222	0.000117	NM_001127180.1:missense,NM_001127179.2:missense,NM_000260.3:missense         	0
11	76873225	0.000117	NM_001127180.1:missense,NM_001127179.2:missense,NM_000260.3:missense         	0
11	76873950	0.000118	NM_001127180.1:missense,NM_001127179.2:missense,NM_000260.3:missense         	0
11	76873954	0.000118	NM_001127180.1:missense,NM_001127179.2:missense,NM_000260.3:missense         	0
11	76883828	0.000122	NM_001127180.1:missense,NM_001127179.2:missense,NM_000260.3:missense         	0
11	76883863	0.000122	NM_001127180.1:missense,NM_001127179.2:missense,NM_000260.3:missense         	0
11	76883902	0.000122	NM_001127180.1:missense,NM_001127179.2:missense,NM_000260.3:missense         	0
11	76883912	0.000123	NM_001127180.1:missense,NM_001127179.2:missense,NM_000260.3:missense         	0
11	76885826	0.00012 	NM_001127180.1:missense,NM_001127179.2:missense,NM_000260.3:missense         	0
11	76885871	0.00012 	NM_001127180.1:stop-gained,NM_001127179.2:stop-gained,NM_000260.3:stop-gained	1
11	76885901	0.000359	NM_001127180.1:missense,NM_001127179.2:missense,NM_000260.3:missense         	0
11	76885947	0.00012 	NM_001127180.1:missense,NM_001127179.2:missense,NM_000260.3:missense         	0
11	76888625	0.000119	NM_001127180.1:missense,NM_001127179.2:missense,NM_000260.3:missense         	0
11	76890101	0.00059 	NM_001127180.1:missense,NM_001127179.2:missense,NM_000260.3:missense         	0
11	76890116	0.000355	NM_001127180.1:missense,NM_001127179.2:missense,NM_000260.3:missense         	0
11	76890131	0.000119	NM_001127180.1:stop-gained,NM_001127179.2:stop-gained,NM_000260.3:stop-gained	1
11	76890156	0.000119	NM_001127180.1:missense,NM_001127179.2:missense,NM_000260.3:missense         	0
11	76890860	0.000625	NM_001127180.1:missense,NM_001127179.2:missense,NM_000260.3:missense         	0
11	76890865	0.000124	NM_001127180.1:missense,NM_001127179.2:missense,NM_000260.3:missense         	0
11	76890889	0.000129	NM_001127180.1:missense,NM_001127179.2:missense,NM_000260.3:missense         	1
11	76890902	0.000133	NM_001127180.1:missense,NM_001127179.2:missense,NM_000260.3:missense         	0
11	76890919	0.000546	NM_001127180.1:missense,NM_001127179.2:missense,NM_000260.3:missense         	0
11	76890940	0.000282	NM_001127180.1:missense,NM_001127179.2:missense,NM_000260.3:missense         	0
11	76891450	0.000719	NM_001127180.1:missense,NM_001127179.2:missense,NM_000260.3:missense         	0
11	76891451	0.00012 	NM_001127180.1:missense,NM_001127179.2:missense,NM_000260.3:missense         	0
11	76892429	0.000121	NM_001127180.1:missense,NM_001127179.2:missense,NM_000260.3:missense         	0
11	76892462	0.000121	NM_001127180.1:missense,NM_001127179.2:missense,NM_000260.3:missense         	0
11	76892529	0.000725	NM_001127180.1:missense,NM_001127179.2:missense,NM_000260.3:missense         	0
11	76892561	0.00012 	NM_001127180.1:missense,NM_001127179.2:missense,NM_000260.3:missense         	0
11	76892617	0.00072 	NM_001127180.1:missense,NM_001127179.2:missense,NM_000260.3:missense         	0
11	76893494	0.000119	NM_001127180.1:missense,NM_001127179.2:missense,NM_000260.3:missense         	1
11	76893517	0.00024 	NM_001127180.1:missense,NM_001127179.2:missense,NM_000260.3:missense         	0
11	76893573	0.000119	NM_001127180.1:missense,NM_001127179.2:missense,NM_000260.3:missense         	0
11	76893605	0.000119	NM_001127180.1:missense,NM_001127179.2:missense,NM_000260.3:missense         	0
11	76893620	0.000119	NM_001127180.1:missense,NM_001127179.2:missense,NM_000260.3:missense         	0
11	76893622	0.000119	NM_001127180.1:stop-gained,NM_001127179.2:stop-gained,NM_000260.3:stop-gained	0
11	76893643	0.001077	NM_001127180.1:missense,NM_001127179.2:missense,NM_000260.3:missense         	0
11	76895661	0.000238	NM_001127180.1:missense,NM_001127179.2:missense,NM_000260.3:missense         	0
11	76895684	0.000119	NM_001127180.1:missense,NM_001127179.2:missense,NM_000260.3:missense         	0
11	76895771	0.397308	NM_001127180.1:intron,NM_001127179.2:frameshift,NM_000260.3:intron           	0
11	76895772	0.264362	NM_001127180.1:intron,NM_001127179.2:frameshift,NM_000260.3:intron           	0
11	76895777	0.000456	NM_001127180.1:intron,NM_001127179.2:missense,NM_000260.3:intron             	0
11	76900421	0.000239	NM_001127180.1:missense,NM_000260.3:missense                                 	0
11	76901123	0.00012 	NM_001127180.1:missense,NM_000260.3:missense                                 	0
11	76901153	0.000238	NM_001127180.1:missense,NM_000260.3:missense                                 	1
11	76901754	0.001247	NM_001127180.1:frameshift,NM_000260.3:frameshift                             	0
11	76901775	0.000119	NM_001127180.1:missense,NM_000260.3:missense                                 	0
11	76901856	0.000119	NM_001127180.1:missense,NM_000260.3:missense                                 	0
11	76903150	0.000119	NM_001127180.1:missense,NM_000260.3:missense                                 	1
11	76903174	0.000119	NM_001127180.1:missense,NM_000260.3:missense                                 	0
11	76903189	0.000237	NM_001127180.1:missense,NM_000260.3:missense                                 	1
11	76903190	0.000119	NM_001127180.1:missense,NM_000260.3:missense                                 	0
11	76903195	0.000119	NM_001127180.1:missense,NM_000260.3:missense                                 	0
11	76903299	0.000117	NM_001127180.1:missense,NM_000260.3:missense                                 	0
11	76905404	0.00012 	NM_001127180.1:missense,NM_000260.3:missense                                 	0
11	76905438	0.00012 	NM_001127180.1:missense,NM_000260.3:missense                                 	0
11	76905441	0.00012 	NM_001127180.1:missense,NM_000260.3:missense                                 	0
11	76905468	0.000239	NM_001127180.1:missense,NM_000260.3:missense                                 	0
11	76905469	0.00012 	NM_001127180.1:missense,NM_000260.3:missense                                 	0
11	76905507	0.00024 	NM_001127180.1:missense,NM_000260.3:missense                                 	0
11	76905531	0.000121	NM_001127180.1:missense,NM_000260.3:missense                                 	0
11	76908589	0.000121	NM_001127180.1:missense,NM_000260.3:missense                                 	0
11	76909548	0.00036 	NM_001127180.1:missense,NM_000260.3:missense                                 	1
11	76909564	0.000119	NM_001127180.1:missense,NM_000260.3:missense                                 	0
11	76909569	0.000119	NM_001127180.1:missense,NM_000260.3:missense                                 	0
11	76909585	0.000119	NM_001127180.1:missense,NM_000260.3:missense                                 	0
11	76909591	0.000119	NM_001127180.1:missense,NM_000260.3:missense                                 	0
11	76910600	0.000314	NM_001127180.1:intron,NM_000260.3:missense                                   	0
11	76910678	0.000118	NM_001127180.1:intron,NM_000260.3:missense                                   	0
11	76910708	0.007009	NM_001127180.1:missense,NM_000260.3:missense                                 	0
11	76910746	0.000119	NM_001127180.1:missense,NM_000260.3:missense                                 	0
11	76910750	0.000356	NM_001127180.1:missense,NM_000260.3:missense                                 	0
11	76910759	0.000119	NM_001127180.1:missense,NM_000260.3:missense                                 	0
11	76910815	0.000121	NM_001127180.1:missense,NM_000260.3:missense                                 	0
11	76910816	0.000121	NM_001127180.1:missense,NM_000260.3:missense                                 	0
11	76912550	0.000118	NM_001127180.1:missense,NM_000260.3:missense                                 	0
11	76912564	0.000118	NM_001127180.1:missense,NM_000260.3:missense                                 	0
11	76912577	0.000118	NM_001127180.1:missense,NM_000260.3:missense                                 	0
11	76912615	0.000118	NM_001127180.1:missense,NM_000260.3:missense                                 	0
11	76912636	0.457457	NM_001127180.1:missense,NM_000260.3:missense                                 	0
11	76912646	0.000118	NM_001127180.1:missense,NM_000260.3:missense                                 	0
11	76912663	0.000119	NM_001127180.1:missense,NM_000260.3:missense                                 	0
11	76913409	0.000119	NM_001127180.1:missense,NM_000260.3:missense                                 	0
11	76913421	0.00012 	NM_001127180.1:missense,NM_000260.3:missense                                 	0
11	76913457	0.008959	NM_001127180.1:missense,NM_000260.3:missense                                 	0
11	76914104	0.087803	NM_001127180.1:splice-3,NM_000260.3:splice-3                                 	0
11	76914163	0.003842	NM_001127180.1:missense,NM_000260.3:missense                                 	0
11	76915143	0.000358	NM_001127180.1:missense,NM_000260.3:missense                                 	0
11	76915150	0.000119	NM_001127180.1:missense,NM_000260.3:missense                                 	0
11	76915163	0.000119	NM_001127180.1:missense,NM_000260.3:missense                                 	0
11	76915168	0.000119	NM_001127180.1:missense,NM_000260.3:missense                                 	0
11	76915183	0.000119	NM_001127180.1:missense,NM_000260.3:missense                                 	0
11	76916599	0.000237	NM_001127180.1:missense,NM_000260.3:missense                                 	0
11	76916608	0.000119	NM_001127180.1:missense,NM_000260.3:missense                                 	0
11	76917146	0.00012 	NM_001127180.1:missense,NM_000260.3:missense                                 	0
11	76919478	0.480523	NM_001127180.1:missense,NM_000260.3:missense                                 	0
11	76919484	0.002974	NM_001127180.1:missense,NM_000260.3:missense                                 	0
11	76919514	0.00012 	NM_001127180.1:missense,NM_000260.3:missense                                 	0
11	76919517	0.00012 	NM_001127180.1:stop-gained,NM_000260.3:stop-gained                           	0
11	76919543	0.000121	NM_001127180.1:missense,NM_000260.3:missense                                 	0
11	76919747	0.000119	NM_001127180.1:missense,NM_000260.3:missense                                 	0
11	76919816	0.00012 	NM_001127180.1:missense,NM_000260.3:missense                                 	0
11	76922236	0.000119	NM_001127180.1:missense,NM_000260.3:missense                                 	0
11	76922353	0.00012 	NM_001127180.1:missense,NM_000260.3:missense                                 	0
11	76922875	0.000233	NM_001127180.1:missense,NM_000260.3:missense                                 	0
11	76922954	0.000117	NM_001127180.1:missense,NM_000260.3:missense                                 	0
11	76924054	0.000362	NM_001127180.1:missense,NM_000260.3:missense                                 	0
11	76924066	0.000241	NM_001127180.1:missense,NM_000260.3:missense                                 	0
11	76924068	0.00012 	NM_001127180.1:missense,NM_000260.3:missense                                 	0
11	76924933	0.000119	NM_001127180.1:missense,NM_000260.3:missense                                 	0
11	76925013	0.000118	NM_001127180.1:missense,NM_000260.3:missense                                 	0
11	76925721	0.00012 	NM_001127180.1:missense,NM_000260.3:missense                                 	0
11	76925733	0.0006  	NM_001127180.1:missense,NM_000260.3:missense                                 	0
